<annotation>
	<folder>dirty</folder>
	<filename>descărcare.jpg</filename>
	<path>D:\ml\garbage-detector\dataset_beach\training_set\dirty\descărcare.jpg</path>
	<source>
		<database>Unknown</database>
	</source>
	<size>
		<width>263</width>
		<height>192</height>
		<depth>3</depth>
	</size>
	<segmented>0</segmented>
	<object>
		<name>garbage</name>
		<pose>Unspecified</pose>
		<truncated>0</truncated>
		<difficult>0</difficult>
		<bndbox>
			<xmin>86</xmin>
			<ymin>156</ymin>
			<xmax>131</xmax>
			<ymax>170</ymax>
		</bndbox>
	</object>
	<object>
		<name>garbage</name>
		<pose>Unspecified</pose>
		<truncated>0</truncated>
		<difficult>0</difficult>
		<bndbox>
			<xmin>40</xmin>
			<ymin>121</ymin>
			<xmax>57</xmax>
			<ymax>151</ymax>
		</bndbox>
	</object>
	<object>
		<name>garbage</name>
		<pose>Unspecified</pose>
		<truncated>0</truncated>
		<difficult>0</difficult>
		<bndbox>
			<xmin>146</xmin>
			<ymin>120</ymin>
			<xmax>234</xmax>
			<ymax>176</ymax>
		</bndbox>
	</object>
	<object>
		<name>garbage</name>
		<pose>Unspecified</pose>
		<truncated>0</truncated>
		<difficult>0</difficult>
		<bndbox>
			<xmin>9</xmin>
			<ymin>90</ymin>
			<xmax>140</xmax>
			<ymax>128</ymax>
		</bndbox>
	</object>
</annotation>
