<annotation>
	<folder>dirty</folder>
	<filename>images (67).jpg</filename>
	<path>D:\ml\garbage-detector\dataset_beach\training_set\dirty\images (67).jpg</path>
	<source>
		<database>Unknown</database>
	</source>
	<size>
		<width>250</width>
		<height>202</height>
		<depth>3</depth>
	</size>
	<segmented>0</segmented>
	<object>
		<name>garbage</name>
		<pose>Unspecified</pose>
		<truncated>0</truncated>
		<difficult>0</difficult>
		<bndbox>
			<xmin>80</xmin>
			<ymin>166</ymin>
			<xmax>199</xmax>
			<ymax>190</ymax>
		</bndbox>
	</object>
</annotation>
