<annotation>
	<folder>dirty</folder>
	<filename>images (52).jpg</filename>
	<path>D:\ml\garbage-detector\dataset_beach\training_set\dirty\images (52).jpg</path>
	<source>
		<database>Unknown</database>
	</source>
	<size>
		<width>300</width>
		<height>168</height>
		<depth>3</depth>
	</size>
	<segmented>0</segmented>
	<object>
		<name>garbage</name>
		<pose>Unspecified</pose>
		<truncated>0</truncated>
		<difficult>0</difficult>
		<bndbox>
			<xmin>235</xmin>
			<ymin>48</ymin>
			<xmax>295</xmax>
			<ymax>96</ymax>
		</bndbox>
	</object>
	<object>
		<name>garbage</name>
		<pose>Unspecified</pose>
		<truncated>1</truncated>
		<difficult>0</difficult>
		<bndbox>
			<xmin>133</xmin>
			<ymin>100</ymin>
			<xmax>246</xmax>
			<ymax>168</ymax>
		</bndbox>
	</object>
</annotation>
