<annotation>
	<folder>dirty</folder>
	<filename>images (56).jpg</filename>
	<path>D:\ml\garbage-detector\dataset_beach\training_set\dirty\images (56).jpg</path>
	<source>
		<database>Unknown</database>
	</source>
	<size>
		<width>259</width>
		<height>194</height>
		<depth>3</depth>
	</size>
	<segmented>0</segmented>
	<object>
		<name>garbage</name>
		<pose>Unspecified</pose>
		<truncated>1</truncated>
		<difficult>0</difficult>
		<bndbox>
			<xmin>16</xmin>
			<ymin>98</ymin>
			<xmax>259</xmax>
			<ymax>154</ymax>
		</bndbox>
	</object>
	<object>
		<name>garbage</name>
		<pose>Unspecified</pose>
		<truncated>0</truncated>
		<difficult>0</difficult>
		<bndbox>
			<xmin>57</xmin>
			<ymin>82</ymin>
			<xmax>83</xmax>
			<ymax>97</ymax>
		</bndbox>
	</object>
</annotation>
