<annotation>
	<folder>dirty</folder>
	<filename>images (63).jpg</filename>
	<path>D:\ml\garbage-detector\dataset_beach\training_set\dirty\images (63).jpg</path>
	<source>
		<database>Unknown</database>
	</source>
	<size>
		<width>275</width>
		<height>183</height>
		<depth>3</depth>
	</size>
	<segmented>0</segmented>
	<object>
		<name>garbage</name>
		<pose>Unspecified</pose>
		<truncated>0</truncated>
		<difficult>0</difficult>
		<bndbox>
			<xmin>58</xmin>
			<ymin>84</ymin>
			<xmax>246</xmax>
			<ymax>155</ymax>
		</bndbox>
	</object>
	<object>
		<name>garbage</name>
		<pose>Unspecified</pose>
		<truncated>1</truncated>
		<difficult>0</difficult>
		<bndbox>
			<xmin>238</xmin>
			<ymin>140</ymin>
			<xmax>275</xmax>
			<ymax>176</ymax>
		</bndbox>
	</object>
</annotation>
