<annotation>
	<folder>dirty</folder>
	<filename>images (90).jpg</filename>
	<path>/content/drive/MyDrive/garbage-detector/dataset_beach/training_set/dirty/images (90).jpg</path>
	<source>
		<database>Unknown</database>
	</source>
	<size>
		<width>300</width>
		<height>168</height>
		<depth>3</depth>
	</size>
	<segmented>0</segmented>
	<object>
		<name>garbage</name>
		<pose>Unspecified</pose>
		<truncated>0</truncated>
		<difficult>0</difficult>
		<bndbox>
			<xmin>32</xmin>
			<ymin>90</ymin>
			<xmax>249</xmax>
			<ymax>150</ymax>
		</bndbox>
	</object>
	<object>
		<name>garbage</name>
		<pose>Unspecified</pose>
		<truncated>1</truncated>
		<difficult>0</difficult>
		<bndbox>
			<xmin>1</xmin>
			<ymin>74</ymin>
			<xmax>121</xmax>
			<ymax>100</ymax>
		</bndbox>
	</object>
</annotation>
