<annotation>
	<folder>dirty</folder>
	<filename>images (29).jpg</filename>
	<path>D:\ml\garbage-detector\dataset_beach\training_set\dirty\images (29).jpg</path>
	<source>
		<database>Unknown</database>
	</source>
	<size>
		<width>276</width>
		<height>183</height>
		<depth>3</depth>
	</size>
	<segmented>0</segmented>
	<object>
		<name>garbage</name>
		<pose>Unspecified</pose>
		<truncated>1</truncated>
		<difficult>0</difficult>
		<bndbox>
			<xmin>1</xmin>
			<ymin>29</ymin>
			<xmax>252</xmax>
			<ymax>167</ymax>
		</bndbox>
	</object>
</annotation>
