<annotation>
	<folder>dirty</folder>
	<filename>images (44).jpg</filename>
	<path>D:\ml\garbage-detector\dataset_beach\training_set\dirty\images (44).jpg</path>
	<source>
		<database>Unknown</database>
	</source>
	<size>
		<width>259</width>
		<height>194</height>
		<depth>3</depth>
	</size>
	<segmented>0</segmented>
	<object>
		<name>garbage</name>
		<pose>Unspecified</pose>
		<truncated>0</truncated>
		<difficult>0</difficult>
		<bndbox>
			<xmin>60</xmin>
			<ymin>130</ymin>
			<xmax>126</xmax>
			<ymax>158</ymax>
		</bndbox>
	</object>
	<object>
		<name>garbage</name>
		<pose>Unspecified</pose>
		<truncated>0</truncated>
		<difficult>0</difficult>
		<bndbox>
			<xmin>176</xmin>
			<ymin>118</ymin>
			<xmax>214</xmax>
			<ymax>133</ymax>
		</bndbox>
	</object>
	<object>
		<name>garbage</name>
		<pose>Unspecified</pose>
		<truncated>0</truncated>
		<difficult>0</difficult>
		<bndbox>
			<xmin>130</xmin>
			<ymin>136</ymin>
			<xmax>177</xmax>
			<ymax>154</ymax>
		</bndbox>
	</object>
</annotation>
