<annotation>
	<folder>dirty</folder>
	<filename>images (34).jpg</filename>
	<path>D:\ml\garbage-detector\dataset_beach\training_set\dirty\images (34).jpg</path>
	<source>
		<database>Unknown</database>
	</source>
	<size>
		<width>276</width>
		<height>182</height>
		<depth>3</depth>
	</size>
	<segmented>0</segmented>
	<object>
		<name>garbage</name>
		<pose>Unspecified</pose>
		<truncated>0</truncated>
		<difficult>0</difficult>
		<bndbox>
			<xmin>135</xmin>
			<ymin>93</ymin>
			<xmax>202</xmax>
			<ymax>122</ymax>
		</bndbox>
	</object>
	<object>
		<name>garbage</name>
		<pose>Unspecified</pose>
		<truncated>0</truncated>
		<difficult>0</difficult>
		<bndbox>
			<xmin>58</xmin>
			<ymin>13</ymin>
			<xmax>112</xmax>
			<ymax>41</ymax>
		</bndbox>
	</object>
	<object>
		<name>garbage</name>
		<pose>Unspecified</pose>
		<truncated>0</truncated>
		<difficult>0</difficult>
		<bndbox>
			<xmin>187</xmin>
			<ymin>45</ymin>
			<xmax>238</xmax>
			<ymax>99</ymax>
		</bndbox>
	</object>
	<object>
		<name>garbage</name>
		<pose>Unspecified</pose>
		<truncated>0</truncated>
		<difficult>0</difficult>
		<bndbox>
			<xmin>125</xmin>
			<ymin>33</ymin>
			<xmax>180</xmax>
			<ymax>52</ymax>
		</bndbox>
	</object>
</annotation>
