<annotation>
	<folder>dirty</folder>
	<filename>images (24).jpg</filename>
	<path>D:\ml\garbage-detector\dataset_beach\training_set\dirty\images (24).jpg</path>
	<source>
		<database>Unknown</database>
	</source>
	<size>
		<width>264</width>
		<height>191</height>
		<depth>3</depth>
	</size>
	<segmented>0</segmented>
	<object>
		<name>garbage</name>
		<pose>Unspecified</pose>
		<truncated>1</truncated>
		<difficult>0</difficult>
		<bndbox>
			<xmin>13</xmin>
			<ymin>134</ymin>
			<xmax>256</xmax>
			<ymax>191</ymax>
		</bndbox>
	</object>
	<object>
		<name>garbage</name>
		<pose>Unspecified</pose>
		<truncated>1</truncated>
		<difficult>0</difficult>
		<bndbox>
			<xmin>5</xmin>
			<ymin>97</ymin>
			<xmax>264</xmax>
			<ymax>137</ymax>
		</bndbox>
	</object>
</annotation>
