<annotation>
	<folder>dirty</folder>
	<filename>images (82).jpg</filename>
	<path>D:\ml\garbage-detector\dataset_beach\training_set\dirty\images (82).jpg</path>
	<source>
		<database>Unknown</database>
	</source>
	<size>
		<width>198</width>
		<height>255</height>
		<depth>3</depth>
	</size>
	<segmented>0</segmented>
	<object>
		<name>garbage</name>
		<pose>Unspecified</pose>
		<truncated>1</truncated>
		<difficult>0</difficult>
		<bndbox>
			<xmin>1</xmin>
			<ymin>165</ymin>
			<xmax>195</xmax>
			<ymax>255</ymax>
		</bndbox>
	</object>
	<object>
		<name>garbage</name>
		<pose>Unspecified</pose>
		<truncated>1</truncated>
		<difficult>0</difficult>
		<bndbox>
			<xmin>1</xmin>
			<ymin>124</ymin>
			<xmax>187</xmax>
			<ymax>163</ymax>
		</bndbox>
	</object>
</annotation>
