<annotation>
	<folder>dirty</folder>
	<filename>images (41).jpg</filename>
	<path>D:\ml\garbage-detector\dataset_beach\training_set\dirty\images (41).jpg</path>
	<source>
		<database>Unknown</database>
	</source>
	<size>
		<width>168</width>
		<height>299</height>
		<depth>3</depth>
	</size>
	<segmented>0</segmented>
	<object>
		<name>garbage</name>
		<pose>Unspecified</pose>
		<truncated>0</truncated>
		<difficult>0</difficult>
		<bndbox>
			<xmin>35</xmin>
			<ymin>205</ymin>
			<xmax>112</xmax>
			<ymax>269</ymax>
		</bndbox>
	</object>
	<object>
		<name>garbage</name>
		<pose>Unspecified</pose>
		<truncated>1</truncated>
		<difficult>0</difficult>
		<bndbox>
			<xmin>1</xmin>
			<ymin>228</ymin>
			<xmax>30</xmax>
			<ymax>284</ymax>
		</bndbox>
	</object>
</annotation>
