<annotation>
	<folder>dirty</folder>
	<filename>images (77).jpg</filename>
	<path>D:\ml\garbage-detector\dataset_beach\training_set\dirty\images (77).jpg</path>
	<source>
		<database>Unknown</database>
	</source>
	<size>
		<width>275</width>
		<height>183</height>
		<depth>3</depth>
	</size>
	<segmented>0</segmented>
	<object>
		<name>garbage</name>
		<pose>Unspecified</pose>
		<truncated>0</truncated>
		<difficult>0</difficult>
		<bndbox>
			<xmin>15</xmin>
			<ymin>113</ymin>
			<xmax>268</xmax>
			<ymax>177</ymax>
		</bndbox>
	</object>
	<object>
		<name>garbage</name>
		<pose>Unspecified</pose>
		<truncated>0</truncated>
		<difficult>0</difficult>
		<bndbox>
			<xmin>2</xmin>
			<ymin>75</ymin>
			<xmax>76</xmax>
			<ymax>113</ymax>
		</bndbox>
	</object>
</annotation>
