<annotation>
	<folder>dirty</folder>
	<filename>images (88).jpg</filename>
	<path>/content/drive/MyDrive/garbage-detector/dataset_beach/training_set/dirty/images (88).jpg</path>
	<source>
		<database>Unknown</database>
	</source>
	<size>
		<width>275</width>
		<height>183</height>
		<depth>3</depth>
	</size>
	<segmented>0</segmented>
	<object>
		<name>garbage</name>
		<pose>Unspecified</pose>
		<truncated>0</truncated>
		<difficult>0</difficult>
		<bndbox>
			<xmin>47</xmin>
			<ymin>98</ymin>
			<xmax>188</xmax>
			<ymax>138</ymax>
		</bndbox>
	</object>
	<object>
		<name>garbage</name>
		<pose>Unspecified</pose>
		<truncated>1</truncated>
		<difficult>0</difficult>
		<bndbox>
			<xmin>66</xmin>
			<ymin>155</ymin>
			<xmax>133</xmax>
			<ymax>183</ymax>
		</bndbox>
	</object>
	<object>
		<name>garbage</name>
		<pose>Unspecified</pose>
		<truncated>0</truncated>
		<difficult>0</difficult>
		<bndbox>
			<xmin>166</xmin>
			<ymin>135</ymin>
			<xmax>262</xmax>
			<ymax>162</ymax>
		</bndbox>
	</object>
	<object>
		<name>garbage</name>
		<pose>Unspecified</pose>
		<truncated>1</truncated>
		<difficult>0</difficult>
		<bndbox>
			<xmin>183</xmin>
			<ymin>79</ymin>
			<xmax>275</xmax>
			<ymax>129</ymax>
		</bndbox>
	</object>
</annotation>
