<annotation>
	<folder>dirty</folder>
	<filename>images (19).jpg</filename>
	<path>D:\ml\garbage-detector\dataset_beach\training_set\dirty\images (19).jpg</path>
	<source>
		<database>Unknown</database>
	</source>
	<size>
		<width>275</width>
		<height>183</height>
		<depth>3</depth>
	</size>
	<segmented>0</segmented>
	<object>
		<name>garbage</name>
		<pose>Unspecified</pose>
		<truncated>1</truncated>
		<difficult>0</difficult>
		<bndbox>
			<xmin>165</xmin>
			<ymin>104</ymin>
			<xmax>275</xmax>
			<ymax>179</ymax>
		</bndbox>
	</object>
	<object>
		<name>garbage</name>
		<pose>Unspecified</pose>
		<truncated>0</truncated>
		<difficult>0</difficult>
		<bndbox>
			<xmin>42</xmin>
			<ymin>77</ymin>
			<xmax>124</xmax>
			<ymax>118</ymax>
		</bndbox>
	</object>
	<object>
		<name>garbage</name>
		<pose>Unspecified</pose>
		<truncated>0</truncated>
		<difficult>0</difficult>
		<bndbox>
			<xmin>45</xmin>
			<ymin>48</ymin>
			<xmax>78</xmax>
			<ymax>64</ymax>
		</bndbox>
	</object>
	<object>
		<name>garbage</name>
		<pose>Unspecified</pose>
		<truncated>0</truncated>
		<difficult>0</difficult>
		<bndbox>
			<xmin>166</xmin>
			<ymin>76</ymin>
			<xmax>204</xmax>
			<ymax>97</ymax>
		</bndbox>
	</object>
</annotation>
