<annotation>
	<folder>dirty</folder>
	<filename>images (51).jpg</filename>
	<path>D:\ml\garbage-detector\dataset_beach\training_set\dirty\images (51).jpg</path>
	<source>
		<database>Unknown</database>
	</source>
	<size>
		<width>275</width>
		<height>183</height>
		<depth>3</depth>
	</size>
	<segmented>0</segmented>
	<object>
		<name>garbage</name>
		<pose>Unspecified</pose>
		<truncated>0</truncated>
		<difficult>0</difficult>
		<bndbox>
			<xmin>68</xmin>
			<ymin>69</ymin>
			<xmax>156</xmax>
			<ymax>133</ymax>
		</bndbox>
	</object>
</annotation>
