<annotation>
	<folder>dirty</folder>
	<filename>images (48).jpg</filename>
	<path>D:\ml\garbage-detector\dataset_beach\training_set\dirty\images (48).jpg</path>
	<source>
		<database>Unknown</database>
	</source>
	<size>
		<width>259</width>
		<height>194</height>
		<depth>3</depth>
	</size>
	<segmented>0</segmented>
	<object>
		<name>garbage</name>
		<pose>Unspecified</pose>
		<truncated>0</truncated>
		<difficult>0</difficult>
		<bndbox>
			<xmin>28</xmin>
			<ymin>66</ymin>
			<xmax>209</xmax>
			<ymax>173</ymax>
		</bndbox>
	</object>
</annotation>
