<annotation>
	<folder>dirty</folder>
	<filename>images (65).jpg</filename>
	<path>D:\ml\garbage-detector\dataset_beach\training_set\dirty\images (65).jpg</path>
	<source>
		<database>Unknown</database>
	</source>
	<size>
		<width>299</width>
		<height>168</height>
		<depth>3</depth>
	</size>
	<segmented>0</segmented>
	<object>
		<name>garbage</name>
		<pose>Unspecified</pose>
		<truncated>1</truncated>
		<difficult>0</difficult>
		<bndbox>
			<xmin>8</xmin>
			<ymin>85</ymin>
			<xmax>299</xmax>
			<ymax>168</ymax>
		</bndbox>
	</object>
</annotation>
