<annotation>
	<folder>dirty</folder>
	<filename>images (40).jpg</filename>
	<path>D:\ml\garbage-detector\dataset_beach\training_set\dirty\images (40).jpg</path>
	<source>
		<database>Unknown</database>
	</source>
	<size>
		<width>277</width>
		<height>182</height>
		<depth>3</depth>
	</size>
	<segmented>0</segmented>
	<object>
		<name>garbage</name>
		<pose>Unspecified</pose>
		<truncated>0</truncated>
		<difficult>0</difficult>
		<bndbox>
			<xmin>34</xmin>
			<ymin>99</ymin>
			<xmax>213</xmax>
			<ymax>173</ymax>
		</bndbox>
	</object>
	<object>
		<name>garbage</name>
		<pose>Unspecified</pose>
		<truncated>1</truncated>
		<difficult>0</difficult>
		<bndbox>
			<xmin>187</xmin>
			<ymin>81</ymin>
			<xmax>277</xmax>
			<ymax>117</ymax>
		</bndbox>
	</object>
	<object>
		<name>garbage</name>
		<pose>Unspecified</pose>
		<truncated>1</truncated>
		<difficult>0</difficult>
		<bndbox>
			<xmin>224</xmin>
			<ymin>159</ymin>
			<xmax>248</xmax>
			<ymax>182</ymax>
		</bndbox>
	</object>
</annotation>
