<annotation>
	<folder>dirty</folder>
	<filename>images (53).jpg</filename>
	<path>D:\ml\garbage-detector\dataset_beach\training_set\dirty\images (53).jpg</path>
	<source>
		<database>Unknown</database>
	</source>
	<size>
		<width>255</width>
		<height>198</height>
		<depth>3</depth>
	</size>
	<segmented>0</segmented>
	<object>
		<name>garbage</name>
		<pose>Unspecified</pose>
		<truncated>0</truncated>
		<difficult>0</difficult>
		<bndbox>
			<xmin>112</xmin>
			<ymin>94</ymin>
			<xmax>195</xmax>
			<ymax>154</ymax>
		</bndbox>
	</object>
	<object>
		<name>garbage</name>
		<pose>Unspecified</pose>
		<truncated>0</truncated>
		<difficult>0</difficult>
		<bndbox>
			<xmin>63</xmin>
			<ymin>118</ymin>
			<xmax>123</xmax>
			<ymax>137</ymax>
		</bndbox>
	</object>
	<object>
		<name>garbage</name>
		<pose>Unspecified</pose>
		<truncated>1</truncated>
		<difficult>0</difficult>
		<bndbox>
			<xmin>205</xmin>
			<ymin>108</ymin>
			<xmax>255</xmax>
			<ymax>126</ymax>
		</bndbox>
	</object>
</annotation>
