<annotation>
	<folder>dirty</folder>
	<filename>images (42).jpg</filename>
	<path>D:\ml\garbage-detector\dataset_beach\training_set\dirty\images (42).jpg</path>
	<source>
		<database>Unknown</database>
	</source>
	<size>
		<width>300</width>
		<height>168</height>
		<depth>3</depth>
	</size>
	<segmented>0</segmented>
	<object>
		<name>garbage</name>
		<pose>Unspecified</pose>
		<truncated>0</truncated>
		<difficult>0</difficult>
		<bndbox>
			<xmin>84</xmin>
			<ymin>111</ymin>
			<xmax>133</xmax>
			<ymax>132</ymax>
		</bndbox>
	</object>
</annotation>
