<annotation>
	<folder>dirty</folder>
	<filename>images (9).jpg</filename>
	<path>D:\ml\garbage-detector\dataset_beach\training_set\dirty\images (9).jpg</path>
	<source>
		<database>Unknown</database>
	</source>
	<size>
		<width>324</width>
		<height>155</height>
		<depth>3</depth>
	</size>
	<segmented>0</segmented>
	<object>
		<name>garbage</name>
		<pose>Unspecified</pose>
		<truncated>0</truncated>
		<difficult>0</difficult>
		<bndbox>
			<xmin>16</xmin>
			<ymin>84</ymin>
			<xmax>234</xmax>
			<ymax>139</ymax>
		</bndbox>
	</object>
	<object>
		<name>garbage</name>
		<pose>Unspecified</pose>
		<truncated>0</truncated>
		<difficult>0</difficult>
		<bndbox>
			<xmin>249</xmin>
			<ymin>115</ymin>
			<xmax>315</xmax>
			<ymax>148</ymax>
		</bndbox>
	</object>
</annotation>
