<annotation>
	<folder>dirty</folder>
	<filename>images (100).jpg</filename>
	<path>/content/drive/MyDrive/garbage-detector/dataset_beach/training_set/dirty/images (100).jpg</path>
	<source>
		<database>Unknown</database>
	</source>
	<size>
		<width>275</width>
		<height>183</height>
		<depth>3</depth>
	</size>
	<segmented>0</segmented>
	<object>
		<name>garbage</name>
		<pose>Unspecified</pose>
		<truncated>1</truncated>
		<difficult>0</difficult>
		<bndbox>
			<xmin>154</xmin>
			<ymin>83</ymin>
			<xmax>216</xmax>
			<ymax>183</ymax>
		</bndbox>
	</object>
</annotation>
