<annotation>
	<folder>dirty</folder>
	<filename>images (71).jpg</filename>
	<path>D:\ml\garbage-detector\dataset_beach\training_set\dirty\images (71).jpg</path>
	<source>
		<database>Unknown</database>
	</source>
	<size>
		<width>300</width>
		<height>168</height>
		<depth>3</depth>
	</size>
	<segmented>0</segmented>
	<object>
		<name>garbage</name>
		<pose>Unspecified</pose>
		<truncated>1</truncated>
		<difficult>0</difficult>
		<bndbox>
			<xmin>165</xmin>
			<ymin>73</ymin>
			<xmax>273</xmax>
			<ymax>168</ymax>
		</bndbox>
	</object>
	<object>
		<name>garbage</name>
		<pose>Unspecified</pose>
		<truncated>1</truncated>
		<difficult>0</difficult>
		<bndbox>
			<xmin>50</xmin>
			<ymin>98</ymin>
			<xmax>166</xmax>
			<ymax>168</ymax>
		</bndbox>
	</object>
</annotation>
